,index,od,year,month,counts
0,0,CA-Mongolia,2008.0,Dec,1
1,5,CA-Mongolia,2009.0,Jan,2
2,4,CA-Mongolia,2009.0,Feb,1
3,8,CA-Mongolia,2009.0,Mar,3
4,1,CA-Mongolia,2009.0,Apr,3
5,9,CA-Mongolia,2009.0,May,3
6,7,CA-Mongolia,2009.0,Jun,3
7,6,CA-Mongolia,2009.0,Jul,1
8,2,CA-Mongolia,2009.0,Aug,1
9,12,CA-Mongolia,2009.0,Sep,2
10,11,CA-Mongolia,2009.0,Oct,6
11,10,CA-Mongolia,2009.0,Nov,22
12,3,CA-Mongolia,2009.0,Dec,22
13,17,CA-Mongolia,2010.0,Jan,45
14,16,CA-Mongolia,2010.0,Feb,46
15,20,CA-Mongolia,2010.0,Mar,53
16,13,CA-Mongolia,2010.0,Apr,41
17,21,CA-Mongolia,2010.0,May,48
18,19,CA-Mongolia,2010.0,Jun,37
19,18,CA-Mongolia,2010.0,Jul,53
20,14,CA-Mongolia,2010.0,Aug,37
21,24,CA-Mongolia,2010.0,Sep,34
22,23,CA-Mongolia,2010.0,Oct,29
23,22,CA-Mongolia,2010.0,Nov,20
24,15,CA-Mongolia,2010.0,Dec,10
25,26,CA-Mongolia,2011.0,Jan,3
26,27,CA-Mongolia,2011.0,May,1
27,25,CA-Mongolia,2011.0,Aug,2
28,28,CA-Mongolia,2011.0,Oct,2
29,31,CA-Mongolia,2012.0,Jan,1
30,30,CA-Mongolia,2012.0,Feb,1
31,29,CA-Mongolia,2012.0,Aug,1
32,32,CA-Mongolia,2013.0,Mar,1
33,34,CA-Mongolia,2013.0,Oct,1
34,33,CA-Mongolia,2013.0,Nov,1
35,35,CA-Mongolia,2014.0,Apr,2
36,38,CA-Mongolia,2014.0,Jul,2
37,36,CA-Mongolia,2014.0,Aug,2
38,41,CA-Mongolia,2014.0,Sep,2
39,40,CA-Mongolia,2014.0,Oct,2
40,39,CA-Mongolia,2014.0,Nov,2
41,37,CA-Mongolia,2014.0,Dec,5
42,45,CA-Mongolia,2015.0,Jan,10
43,44,CA-Mongolia,2015.0,Feb,4
44,48,CA-Mongolia,2015.0,Mar,5
45,42,CA-Mongolia,2015.0,Apr,6
46,49,CA-Mongolia,2015.0,May,3
47,47,CA-Mongolia,2015.0,Jun,5
48,46,CA-Mongolia,2015.0,Jul,1
49,43,CA-Mongolia,2015.0,Aug,3
50,52,CA-Mongolia,2015.0,Sep,1
51,51,CA-Mongolia,2015.0,Oct,2
52,50,CA-Mongolia,2015.0,Nov,1
53,53,CA-Mongolia,2016.0,Apr,1
54,54,JapanKorea-Mongolia,2007.0,Dec,1
55,59,JapanKorea-Mongolia,2008.0,Jan,4
56,58,JapanKorea-Mongolia,2008.0,Feb,14
57,62,JapanKorea-Mongolia,2008.0,Mar,31
58,55,JapanKorea-Mongolia,2008.0,Apr,41
59,63,JapanKorea-Mongolia,2008.0,May,41
60,61,JapanKorea-Mongolia,2008.0,Jun,32
61,60,JapanKorea-Mongolia,2008.0,Jul,33
62,56,JapanKorea-Mongolia,2008.0,Aug,38
63,66,JapanKorea-Mongolia,2008.0,Sep,35
64,65,JapanKorea-Mongolia,2008.0,Oct,35
65,64,JapanKorea-Mongolia,2008.0,Nov,38
66,57,JapanKorea-Mongolia,2008.0,Dec,17
67,71,JapanKorea-Mongolia,2009.0,Jan,13
68,70,JapanKorea-Mongolia,2009.0,Feb,12
69,74,JapanKorea-Mongolia,2009.0,Mar,8
70,67,JapanKorea-Mongolia,2009.0,Apr,4
71,75,JapanKorea-Mongolia,2009.0,May,8
72,73,JapanKorea-Mongolia,2009.0,Jun,4
73,72,JapanKorea-Mongolia,2009.0,Jul,7
74,68,JapanKorea-Mongolia,2009.0,Aug,6
75,78,JapanKorea-Mongolia,2009.0,Sep,4
76,77,JapanKorea-Mongolia,2009.0,Oct,2
77,76,JapanKorea-Mongolia,2009.0,Nov,4
78,69,JapanKorea-Mongolia,2009.0,Dec,3
79,83,JapanKorea-Mongolia,2010.0,Jan,1
80,82,JapanKorea-Mongolia,2010.0,Feb,2
81,86,JapanKorea-Mongolia,2010.0,Mar,2
82,79,JapanKorea-Mongolia,2010.0,Apr,8
83,87,JapanKorea-Mongolia,2010.0,May,30
84,85,JapanKorea-Mongolia,2010.0,Jun,55
85,84,JapanKorea-Mongolia,2010.0,Jul,76
86,80,JapanKorea-Mongolia,2010.0,Aug,94
87,90,JapanKorea-Mongolia,2010.0,Sep,92
88,89,JapanKorea-Mongolia,2010.0,Oct,97
89,88,JapanKorea-Mongolia,2010.0,Nov,94
90,81,JapanKorea-Mongolia,2010.0,Dec,100
91,94,JapanKorea-Mongolia,2011.0,Jan,102
92,93,JapanKorea-Mongolia,2011.0,Feb,90
93,97,JapanKorea-Mongolia,2011.0,Mar,56
94,91,JapanKorea-Mongolia,2011.0,Apr,55
95,98,JapanKorea-Mongolia,2011.0,May,23
96,96,JapanKorea-Mongolia,2011.0,Jun,19
97,95,JapanKorea-Mongolia,2011.0,Jul,8
98,92,JapanKorea-Mongolia,2011.0,Aug,3
99,100,JapanKorea-Mongolia,2011.0,Sep,1
100,99,JapanKorea-Mongolia,2011.0,Oct,1
101,103,JapanKorea-Mongolia,2014.0,Jan,1
102,104,JapanKorea-Mongolia,2014.0,May,2
103,101,JapanKorea-Mongolia,2014.0,Aug,1
104,105,JapanKorea-Mongolia,2014.0,Nov,1
105,102,JapanKorea-Mongolia,2014.0,Dec,2
106,106,JapanKorea-Mongolia,2015.0,Feb,2
107,108,JapanKorea-Russia,2007.0,Nov,1
108,107,JapanKorea-Russia,2007.0,Dec,8
109,113,JapanKorea-Russia,2008.0,Jan,32
110,112,JapanKorea-Russia,2008.0,Feb,112
111,116,JapanKorea-Russia,2008.0,Mar,309
112,109,JapanKorea-Russia,2008.0,Apr,472
113,117,JapanKorea-Russia,2008.0,May,428
114,115,JapanKorea-Russia,2008.0,Jun,414
115,114,JapanKorea-Russia,2008.0,Jul,416
116,110,JapanKorea-Russia,2008.0,Aug,377
117,120,JapanKorea-Russia,2008.0,Sep,363
118,119,JapanKorea-Russia,2008.0,Oct,410
119,118,JapanKorea-Russia,2008.0,Nov,286
120,111,JapanKorea-Russia,2008.0,Dec,213
121,125,JapanKorea-Russia,2009.0,Jan,140
122,124,JapanKorea-Russia,2009.0,Feb,68
123,127,JapanKorea-Russia,2009.0,Mar,20
124,121,JapanKorea-Russia,2009.0,Apr,2
125,128,JapanKorea-Russia,2009.0,May,2
126,126,JapanKorea-Russia,2009.0,Jul,4
127,122,JapanKorea-Russia,2009.0,Aug,5
128,131,JapanKorea-Russia,2009.0,Sep,3
129,130,JapanKorea-Russia,2009.0,Oct,2
130,129,JapanKorea-Russia,2009.0,Nov,4
131,123,JapanKorea-Russia,2009.0,Dec,1
132,136,JapanKorea-Russia,2010.0,Jan,4
133,135,JapanKorea-Russia,2010.0,Feb,2
134,139,JapanKorea-Russia,2010.0,Mar,2
135,132,JapanKorea-Russia,2010.0,Apr,4
136,140,JapanKorea-Russia,2010.0,May,7
137,138,JapanKorea-Russia,2010.0,Jun,7
138,137,JapanKorea-Russia,2010.0,Jul,6
139,133,JapanKorea-Russia,2010.0,Aug,15
140,143,JapanKorea-Russia,2010.0,Sep,6
141,142,JapanKorea-Russia,2010.0,Oct,18
142,141,JapanKorea-Russia,2010.0,Nov,5
143,134,JapanKorea-Russia,2010.0,Dec,6
144,146,JapanKorea-Russia,2011.0,Jan,10
145,145,JapanKorea-Russia,2011.0,Feb,2
146,148,JapanKorea-Russia,2011.0,Mar,2
147,144,JapanKorea-Russia,2011.0,Apr,2
148,149,JapanKorea-Russia,2011.0,May,3
149,147,JapanKorea-Russia,2011.0,Jul,1
150,152,JapanKorea-Russia,2014.0,Jan,1
151,150,JapanKorea-Russia,2014.0,Aug,2
152,155,JapanKorea-Russia,2014.0,Sep,2
153,154,JapanKorea-Russia,2014.0,Oct,3
154,153,JapanKorea-Russia,2014.0,Nov,5
155,151,JapanKorea-Russia,2014.0,Dec,3
156,160,JapanKorea-Russia,2015.0,Jan,5
157,159,JapanKorea-Russia,2015.0,Feb,8
158,163,JapanKorea-Russia,2015.0,Mar,9
159,156,JapanKorea-Russia,2015.0,Apr,13
160,164,JapanKorea-Russia,2015.0,May,9
161,162,JapanKorea-Russia,2015.0,Jun,6
162,161,JapanKorea-Russia,2015.0,Jul,6
163,157,JapanKorea-Russia,2015.0,Aug,13
164,167,JapanKorea-Russia,2015.0,Sep,2
165,166,JapanKorea-Russia,2015.0,Oct,4
166,165,JapanKorea-Russia,2015.0,Nov,2
167,158,JapanKorea-Russia,2015.0,Dec,7
168,168,Mongolia-Africa,2009.0,Apr,1
169,172,Mongolia-Africa,2009.0,May,1
170,171,Mongolia-Africa,2009.0,Jun,1
171,169,Mongolia-Africa,2009.0,Aug,3
172,175,Mongolia-Africa,2009.0,Sep,1
173,174,Mongolia-Africa,2009.0,Oct,3
174,173,Mongolia-Africa,2009.0,Nov,2
175,170,Mongolia-Africa,2009.0,Dec,5
176,180,Mongolia-Africa,2010.0,Jan,7
177,179,Mongolia-Africa,2010.0,Feb,6
178,183,Mongolia-Africa,2010.0,Mar,8
179,176,Mongolia-Africa,2010.0,Apr,1
180,184,Mongolia-Africa,2010.0,May,3
181,182,Mongolia-Africa,2010.0,Jun,2
182,181,Mongolia-Africa,2010.0,Jul,3
183,177,Mongolia-Africa,2010.0,Aug,2
184,187,Mongolia-Africa,2010.0,Sep,4
185,186,Mongolia-Africa,2010.0,Oct,4
186,185,Mongolia-Africa,2010.0,Nov,2
187,178,Mongolia-Africa,2010.0,Dec,1
188,188,Mongolia-Africa,2011.0,Apr,1
189,189,Mongolia-Africa,2011.0,Jun,3
190,190,Mongolia-Africa,2011.0,Sep,1
191,196,Mongolia-Africa,2014.0,Mar,4
192,191,Mongolia-Africa,2014.0,Apr,9
193,197,Mongolia-Africa,2014.0,May,31
194,195,Mongolia-Africa,2014.0,Jun,65
195,194,Mongolia-Africa,2014.0,Jul,116
196,192,Mongolia-Africa,2014.0,Aug,195
197,200,Mongolia-Africa,2014.0,Sep,213
198,199,Mongolia-Africa,2014.0,Oct,289
199,198,Mongolia-Africa,2014.0,Nov,291
200,193,Mongolia-Africa,2014.0,Dec,320
201,205,Mongolia-Africa,2015.0,Jan,301
202,204,Mongolia-Africa,2015.0,Feb,285
203,208,Mongolia-Africa,2015.0,Mar,264
204,201,Mongolia-Africa,2015.0,Apr,235
205,209,Mongolia-Africa,2015.0,May,223
206,207,Mongolia-Africa,2015.0,Jun,135
207,206,Mongolia-Africa,2015.0,Jul,100
208,202,Mongolia-Africa,2015.0,Aug,85
209,212,Mongolia-Africa,2015.0,Sep,29
210,211,Mongolia-Africa,2015.0,Oct,27
211,210,Mongolia-Africa,2015.0,Nov,15
212,203,Mongolia-Africa,2015.0,Dec,6
213,214,Mongolia-Africa,2016.0,Jan,4
214,213,Mongolia-Africa,2016.0,Feb,1
215,218,Mongolia-CA,2009.0,Feb,1
216,221,Mongolia-CA,2009.0,Mar,1
217,215,Mongolia-CA,2009.0,Apr,4
218,222,Mongolia-CA,2009.0,May,6
219,220,Mongolia-CA,2009.0,Jun,12
220,219,Mongolia-CA,2009.0,Jul,53
221,216,Mongolia-CA,2009.0,Aug,101
222,225,Mongolia-CA,2009.0,Sep,230
223,224,Mongolia-CA,2009.0,Oct,391
224,223,Mongolia-CA,2009.0,Nov,530
225,217,Mongolia-CA,2009.0,Dec,564
226,230,Mongolia-CA,2010.0,Jan,702
227,229,Mongolia-CA,2010.0,Feb,624
228,233,Mongolia-CA,2010.0,Mar,721
229,226,Mongolia-CA,2010.0,Apr,716
230,234,Mongolia-CA,2010.0,May,713
231,232,Mongolia-CA,2010.0,Jun,586
232,231,Mongolia-CA,2010.0,Jul,524
233,227,Mongolia-CA,2010.0,Aug,371
234,237,Mongolia-CA,2010.0,Sep,285
235,236,Mongolia-CA,2010.0,Oct,217
236,235,Mongolia-CA,2010.0,Nov,104
237,228,Mongolia-CA,2010.0,Dec,67
238,242,Mongolia-CA,2011.0,Jan,24
239,241,Mongolia-CA,2011.0,Feb,13
240,244,Mongolia-CA,2011.0,Mar,9
241,238,Mongolia-CA,2011.0,Apr,5
242,245,Mongolia-CA,2011.0,May,5
243,243,Mongolia-CA,2011.0,Jun,1
244,239,Mongolia-CA,2011.0,Aug,1
245,248,Mongolia-CA,2011.0,Sep,5
246,247,Mongolia-CA,2011.0,Oct,5
247,246,Mongolia-CA,2011.0,Nov,8
248,240,Mongolia-CA,2011.0,Dec,9
249,252,Mongolia-CA,2012.0,Jan,28
250,251,Mongolia-CA,2012.0,Feb,29
251,255,Mongolia-CA,2012.0,Mar,22
252,249,Mongolia-CA,2012.0,Apr,25
253,256,Mongolia-CA,2012.0,May,26
254,254,Mongolia-CA,2012.0,Jun,24
255,253,Mongolia-CA,2012.0,Jul,26
256,250,Mongolia-CA,2012.0,Aug,22
257,259,Mongolia-CA,2012.0,Sep,16
258,258,Mongolia-CA,2012.0,Oct,14
259,257,Mongolia-CA,2012.0,Nov,5
260,260,Mongolia-CA,2013.0,Jan,1
261,261,Mongolia-CA,2013.0,May,1
262,265,Mongolia-CA,2014.0,Feb,1
263,262,Mongolia-CA,2014.0,Apr,4
264,268,Mongolia-CA,2014.0,May,19
265,267,Mongolia-CA,2014.0,Jun,36
266,266,Mongolia-CA,2014.0,Jul,73
267,263,Mongolia-CA,2014.0,Aug,119
268,271,Mongolia-CA,2014.0,Sep,162
269,270,Mongolia-CA,2014.0,Oct,174
270,269,Mongolia-CA,2014.0,Nov,197
271,264,Mongolia-CA,2014.0,Dec,184
272,276,Mongolia-CA,2015.0,Jan,237
273,275,Mongolia-CA,2015.0,Feb,174
274,279,Mongolia-CA,2015.0,Mar,171
275,272,Mongolia-CA,2015.0,Apr,154
276,280,Mongolia-CA,2015.0,May,107
277,278,Mongolia-CA,2015.0,Jun,84
278,277,Mongolia-CA,2015.0,Jul,42
279,273,Mongolia-CA,2015.0,Aug,24
280,283,Mongolia-CA,2015.0,Sep,11
281,282,Mongolia-CA,2015.0,Oct,5
282,281,Mongolia-CA,2015.0,Nov,3
283,274,Mongolia-CA,2015.0,Dec,3
284,284,Mongolia-CA,2016.0,Feb,1
285,285,Mongolia-CA,2016.0,Nov,1
286,286,Mongolia-Europe,2009.0,Apr,1
287,291,Mongolia-Europe,2009.0,May,2
288,290,Mongolia-Europe,2009.0,Jun,8
289,289,Mongolia-Europe,2009.0,Jul,16
290,287,Mongolia-Europe,2009.0,Aug,31
291,294,Mongolia-Europe,2009.0,Sep,39
292,293,Mongolia-Europe,2009.0,Oct,60
293,292,Mongolia-Europe,2009.0,Nov,74
294,288,Mongolia-Europe,2009.0,Dec,106
295,299,Mongolia-Europe,2010.0,Jan,159
296,298,Mongolia-Europe,2010.0,Feb,206
297,302,Mongolia-Europe,2010.0,Mar,221
298,295,Mongolia-Europe,2010.0,Apr,244
299,303,Mongolia-Europe,2010.0,May,230
300,301,Mongolia-Europe,2010.0,Jun,226
301,300,Mongolia-Europe,2010.0,Jul,186
302,296,Mongolia-Europe,2010.0,Aug,166
303,306,Mongolia-Europe,2010.0,Sep,157
304,305,Mongolia-Europe,2010.0,Oct,112
305,304,Mongolia-Europe,2010.0,Nov,72
306,297,Mongolia-Europe,2010.0,Dec,42
307,309,Mongolia-Europe,2011.0,Jan,22
308,308,Mongolia-Europe,2011.0,Feb,6
309,312,Mongolia-Europe,2011.0,Mar,3
310,313,Mongolia-Europe,2011.0,May,2
311,311,Mongolia-Europe,2011.0,Jun,2
312,310,Mongolia-Europe,2011.0,Jul,1
313,307,Mongolia-Europe,2011.0,Aug,2
314,314,Mongolia-Europe,2012.0,Dec,3
315,319,Mongolia-Europe,2013.0,Jan,5
316,318,Mongolia-Europe,2013.0,Feb,3
317,322,Mongolia-Europe,2013.0,Mar,8
318,315,Mongolia-Europe,2013.0,Apr,5
319,323,Mongolia-Europe,2013.0,May,8
320,321,Mongolia-Europe,2013.0,Jun,11
321,320,Mongolia-Europe,2013.0,Jul,6
322,316,Mongolia-Europe,2013.0,Aug,12
323,326,Mongolia-Europe,2013.0,Sep,6
324,325,Mongolia-Europe,2013.0,Oct,6
325,324,Mongolia-Europe,2013.0,Nov,8
326,317,Mongolia-Europe,2013.0,Dec,2
327,330,Mongolia-Europe,2014.0,Jan,3
328,327,Mongolia-Europe,2014.0,Apr,3
329,333,Mongolia-Europe,2014.0,May,9
330,332,Mongolia-Europe,2014.0,Jun,7
331,331,Mongolia-Europe,2014.0,Jul,8
332,328,Mongolia-Europe,2014.0,Aug,12
333,336,Mongolia-Europe,2014.0,Sep,25
334,335,Mongolia-Europe,2014.0,Oct,81
335,334,Mongolia-Europe,2014.0,Nov,131
336,329,Mongolia-Europe,2014.0,Dec,176
337,340,Mongolia-Europe,2015.0,Jan,155
338,339,Mongolia-Europe,2015.0,Feb,138
339,343,Mongolia-Europe,2015.0,Mar,136
340,337,Mongolia-Europe,2015.0,Apr,126
341,344,Mongolia-Europe,2015.0,May,151
342,342,Mongolia-Europe,2015.0,Jun,125
343,341,Mongolia-Europe,2015.0,Jul,94
344,338,Mongolia-Europe,2015.0,Aug,67
345,347,Mongolia-Europe,2015.0,Sep,29
346,346,Mongolia-Europe,2015.0,Oct,21
347,345,Mongolia-Europe,2015.0,Nov,3
348,348,Mongolia-Europe,2016.0,Mar,1
349,351,Mongolia-JapanKorea,2007.0,Oct,4
350,350,Mongolia-JapanKorea,2007.0,Nov,11
351,349,Mongolia-JapanKorea,2007.0,Dec,17
352,356,Mongolia-JapanKorea,2008.0,Jan,22
353,355,Mongolia-JapanKorea,2008.0,Feb,22
354,359,Mongolia-JapanKorea,2008.0,Mar,28
355,352,Mongolia-JapanKorea,2008.0,Apr,19
356,360,Mongolia-JapanKorea,2008.0,May,23
357,358,Mongolia-JapanKorea,2008.0,Jun,16
358,357,Mongolia-JapanKorea,2008.0,Jul,28
359,353,Mongolia-JapanKorea,2008.0,Aug,14
360,363,Mongolia-JapanKorea,2008.0,Sep,16
361,362,Mongolia-JapanKorea,2008.0,Oct,19
362,361,Mongolia-JapanKorea,2008.0,Nov,8
363,354,Mongolia-JapanKorea,2008.0,Dec,4
364,368,Mongolia-JapanKorea,2009.0,Jan,4
365,367,Mongolia-JapanKorea,2009.0,Feb,1
366,371,Mongolia-JapanKorea,2009.0,Mar,2
367,364,Mongolia-JapanKorea,2009.0,Apr,5
368,372,Mongolia-JapanKorea,2009.0,May,4
369,370,Mongolia-JapanKorea,2009.0,Jun,12
370,369,Mongolia-JapanKorea,2009.0,Jul,19
371,365,Mongolia-JapanKorea,2009.0,Aug,17
372,375,Mongolia-JapanKorea,2009.0,Sep,25
373,374,Mongolia-JapanKorea,2009.0,Oct,34
374,373,Mongolia-JapanKorea,2009.0,Nov,42
375,366,Mongolia-JapanKorea,2009.0,Dec,66
376,380,Mongolia-JapanKorea,2010.0,Jan,59
377,379,Mongolia-JapanKorea,2010.0,Feb,97
378,383,Mongolia-JapanKorea,2010.0,Mar,144
379,376,Mongolia-JapanKorea,2010.0,Apr,219
380,384,Mongolia-JapanKorea,2010.0,May,367
381,382,Mongolia-JapanKorea,2010.0,Jun,463
382,381,Mongolia-JapanKorea,2010.0,Jul,618
383,377,Mongolia-JapanKorea,2010.0,Aug,721
384,387,Mongolia-JapanKorea,2010.0,Sep,676
385,386,Mongolia-JapanKorea,2010.0,Oct,731
386,385,Mongolia-JapanKorea,2010.0,Nov,659
387,378,Mongolia-JapanKorea,2010.0,Dec,577
388,391,Mongolia-JapanKorea,2011.0,Jan,561
389,390,Mongolia-JapanKorea,2011.0,Feb,440
390,394,Mongolia-JapanKorea,2011.0,Mar,406
391,388,Mongolia-JapanKorea,2011.0,Apr,273
392,395,Mongolia-JapanKorea,2011.0,May,185
393,393,Mongolia-JapanKorea,2011.0,Jun,118
394,392,Mongolia-JapanKorea,2011.0,Jul,71
395,389,Mongolia-JapanKorea,2011.0,Aug,41
396,398,Mongolia-JapanKorea,2011.0,Sep,12
397,397,Mongolia-JapanKorea,2011.0,Oct,3
398,396,Mongolia-JapanKorea,2011.0,Nov,3
399,399,Mongolia-JapanKorea,2012.0,Jan,1
400,400,Mongolia-JapanKorea,2013.0,Aug,1
401,401,Mongolia-JapanKorea,2013.0,Nov,1
402,406,Mongolia-JapanKorea,2014.0,Jan,1
403,405,Mongolia-JapanKorea,2014.0,Feb,1
404,409,Mongolia-JapanKorea,2014.0,Mar,1
405,402,Mongolia-JapanKorea,2014.0,Apr,4
406,410,Mongolia-JapanKorea,2014.0,May,6
407,408,Mongolia-JapanKorea,2014.0,Jun,5
408,407,Mongolia-JapanKorea,2014.0,Jul,7
409,403,Mongolia-JapanKorea,2014.0,Aug,11
410,413,Mongolia-JapanKorea,2014.0,Sep,8
411,412,Mongolia-JapanKorea,2014.0,Oct,13
412,411,Mongolia-JapanKorea,2014.0,Nov,11
413,404,Mongolia-JapanKorea,2014.0,Dec,17
414,418,Mongolia-JapanKorea,2015.0,Jan,21
415,417,Mongolia-JapanKorea,2015.0,Feb,12
416,421,Mongolia-JapanKorea,2015.0,Mar,17
417,414,Mongolia-JapanKorea,2015.0,Apr,19
418,422,Mongolia-JapanKorea,2015.0,May,17
419,420,Mongolia-JapanKorea,2015.0,Jun,18
420,419,Mongolia-JapanKorea,2015.0,Jul,31
421,415,Mongolia-JapanKorea,2015.0,Aug,15
422,425,Mongolia-JapanKorea,2015.0,Sep,22
423,424,Mongolia-JapanKorea,2015.0,Oct,19
424,423,Mongolia-JapanKorea,2015.0,Nov,16
425,416,Mongolia-JapanKorea,2015.0,Dec,5
426,428,Mongolia-JapanKorea,2016.0,Jan,13
427,427,Mongolia-JapanKorea,2016.0,Feb,10
428,429,Mongolia-JapanKorea,2016.0,Mar,8
429,426,Mongolia-JapanKorea,2016.0,Apr,4
430,430,Mongolia-JapanKorea,2016.0,May,2
431,431,Mongolia-NChina,2007.0,Aug,1
432,432,Mongolia-NChina,2007.0,Nov,1
433,436,Mongolia-NChina,2009.0,Feb,2
434,439,Mongolia-NChina,2009.0,Mar,2
435,433,Mongolia-NChina,2009.0,Apr,8
436,440,Mongolia-NChina,2009.0,May,16
437,438,Mongolia-NChina,2009.0,Jun,26
438,437,Mongolia-NChina,2009.0,Jul,23
439,434,Mongolia-NChina,2009.0,Aug,25
440,443,Mongolia-NChina,2009.0,Sep,28
441,442,Mongolia-NChina,2009.0,Oct,18
442,441,Mongolia-NChina,2009.0,Nov,17
443,435,Mongolia-NChina,2009.0,Dec,12
444,448,Mongolia-NChina,2010.0,Jan,14
445,447,Mongolia-NChina,2010.0,Feb,11
446,451,Mongolia-NChina,2010.0,Mar,6
447,444,Mongolia-NChina,2010.0,Apr,9
448,452,Mongolia-NChina,2010.0,May,3
449,450,Mongolia-NChina,2010.0,Jun,1
450,449,Mongolia-NChina,2010.0,Jul,3
451,445,Mongolia-NChina,2010.0,Aug,2
452,454,Mongolia-NChina,2010.0,Sep,2
453,453,Mongolia-NChina,2010.0,Nov,2
454,446,Mongolia-NChina,2010.0,Dec,1
455,456,Mongolia-NChina,2011.0,Jan,1
456,455,Mongolia-NChina,2011.0,Feb,1
457,457,Mongolia-NChina,2011.0,Mar,1
458,460,Mongolia-NChina,2011.0,Sep,1
459,459,Mongolia-NChina,2011.0,Oct,1
460,458,Mongolia-NChina,2011.0,Nov,1
461,463,Mongolia-NChina,2012.0,Oct,1
462,462,Mongolia-NChina,2012.0,Nov,1
463,461,Mongolia-NChina,2012.0,Dec,1
464,469,Mongolia-NChina,2014.0,Mar,2
465,464,Mongolia-NChina,2014.0,Apr,2
466,470,Mongolia-NChina,2014.0,May,3
467,468,Mongolia-NChina,2014.0,Jun,3
468,467,Mongolia-NChina,2014.0,Jul,7
469,465,Mongolia-NChina,2014.0,Aug,22
470,473,Mongolia-NChina,2014.0,Sep,51
471,472,Mongolia-NChina,2014.0,Oct,82
472,471,Mongolia-NChina,2014.0,Nov,105
473,466,Mongolia-NChina,2014.0,Dec,94
474,478,Mongolia-NChina,2015.0,Jan,114
475,477,Mongolia-NChina,2015.0,Feb,103
476,481,Mongolia-NChina,2015.0,Mar,102
477,474,Mongolia-NChina,2015.0,Apr,76
478,482,Mongolia-NChina,2015.0,May,92
479,480,Mongolia-NChina,2015.0,Jun,76
480,479,Mongolia-NChina,2015.0,Jul,34
481,475,Mongolia-NChina,2015.0,Aug,15
482,485,Mongolia-NChina,2015.0,Sep,18
483,484,Mongolia-NChina,2015.0,Oct,7
484,483,Mongolia-NChina,2015.0,Nov,2
485,476,Mongolia-NChina,2015.0,Dec,1
486,487,Mongolia-NChina,2016.0,Sep,1
487,486,Mongolia-NChina,2016.0,Oct,1
488,488,Mongolia-Qinghai,2008.0,Dec,10
489,493,Mongolia-Qinghai,2009.0,Jan,42
490,492,Mongolia-Qinghai,2009.0,Feb,191
491,496,Mongolia-Qinghai,2009.0,Mar,578
492,489,Mongolia-Qinghai,2009.0,Apr,935
493,497,Mongolia-Qinghai,2009.0,May,1036
494,495,Mongolia-Qinghai,2009.0,Jun,1255
495,494,Mongolia-Qinghai,2009.0,Jul,1206
496,490,Mongolia-Qinghai,2009.0,Aug,1189
497,500,Mongolia-Qinghai,2009.0,Sep,1160
498,499,Mongolia-Qinghai,2009.0,Oct,1198
499,498,Mongolia-Qinghai,2009.0,Nov,1039
500,491,Mongolia-Qinghai,2009.0,Dec,810
501,505,Mongolia-Qinghai,2010.0,Jan,740
502,504,Mongolia-Qinghai,2010.0,Feb,570
503,508,Mongolia-Qinghai,2010.0,Mar,589
504,501,Mongolia-Qinghai,2010.0,Apr,777
505,509,Mongolia-Qinghai,2010.0,May,1052
506,507,Mongolia-Qinghai,2010.0,Jun,914
507,506,Mongolia-Qinghai,2010.0,Jul,942
508,502,Mongolia-Qinghai,2010.0,Aug,951
509,512,Mongolia-Qinghai,2010.0,Sep,866
510,511,Mongolia-Qinghai,2010.0,Oct,792
511,510,Mongolia-Qinghai,2010.0,Nov,778
512,503,Mongolia-Qinghai,2010.0,Dec,606
513,515,Mongolia-Qinghai,2011.0,Jan,531
514,514,Mongolia-Qinghai,2011.0,Feb,228
515,518,Mongolia-Qinghai,2011.0,Mar,174
516,513,Mongolia-Qinghai,2011.0,Apr,39
517,519,Mongolia-Qinghai,2011.0,May,3
518,517,Mongolia-Qinghai,2011.0,Jun,1
519,516,Mongolia-Qinghai,2011.0,Jul,1
520,522,Mongolia-Qinghai,2011.0,Sep,2
521,521,Mongolia-Qinghai,2011.0,Oct,1
522,520,Mongolia-Qinghai,2011.0,Nov,1
523,524,Mongolia-Qinghai,2012.0,Feb,1
524,523,Mongolia-Qinghai,2012.0,Apr,1
525,525,Mongolia-Qinghai,2012.0,May,1
526,526,Mongolia-Qinghai,2013.0,Dec,1
527,531,Mongolia-Qinghai,2014.0,Jan,1
528,530,Mongolia-Qinghai,2014.0,Feb,5
529,534,Mongolia-Qinghai,2014.0,Mar,10
530,527,Mongolia-Qinghai,2014.0,Apr,23
531,535,Mongolia-Qinghai,2014.0,May,34
532,533,Mongolia-Qinghai,2014.0,Jun,63
533,532,Mongolia-Qinghai,2014.0,Jul,82
534,528,Mongolia-Qinghai,2014.0,Aug,110
535,538,Mongolia-Qinghai,2014.0,Sep,130
536,537,Mongolia-Qinghai,2014.0,Oct,155
537,536,Mongolia-Qinghai,2014.0,Nov,170
538,529,Mongolia-Qinghai,2014.0,Dec,194
539,543,Mongolia-Qinghai,2015.0,Jan,213
540,542,Mongolia-Qinghai,2015.0,Feb,175
541,546,Mongolia-Qinghai,2015.0,Mar,193
542,539,Mongolia-Qinghai,2015.0,Apr,205
543,547,Mongolia-Qinghai,2015.0,May,199
544,545,Mongolia-Qinghai,2015.0,Jun,168
545,544,Mongolia-Qinghai,2015.0,Jul,156
546,540,Mongolia-Qinghai,2015.0,Aug,115
547,550,Mongolia-Qinghai,2015.0,Sep,101
548,549,Mongolia-Qinghai,2015.0,Oct,94
549,548,Mongolia-Qinghai,2015.0,Nov,69
550,541,Mongolia-Qinghai,2015.0,Dec,44
551,553,Mongolia-Qinghai,2016.0,Jan,45
552,552,Mongolia-Qinghai,2016.0,Feb,22
553,554,Mongolia-Qinghai,2016.0,Mar,9
554,551,Mongolia-Qinghai,2016.0,Apr,2
555,555,Mongolia-Russia,2007.0,Dec,2
556,560,Mongolia-Russia,2008.0,Jan,2
557,559,Mongolia-Russia,2008.0,Feb,6
558,563,Mongolia-Russia,2008.0,Mar,36
559,556,Mongolia-Russia,2008.0,Apr,44
560,564,Mongolia-Russia,2008.0,May,43
561,562,Mongolia-Russia,2008.0,Jun,42
562,561,Mongolia-Russia,2008.0,Jul,38
563,557,Mongolia-Russia,2008.0,Aug,39
564,567,Mongolia-Russia,2008.0,Sep,39
565,566,Mongolia-Russia,2008.0,Oct,37
566,565,Mongolia-Russia,2008.0,Nov,46
567,558,Mongolia-Russia,2008.0,Dec,30
568,572,Mongolia-Russia,2009.0,Jan,27
569,571,Mongolia-Russia,2009.0,Feb,62
570,575,Mongolia-Russia,2009.0,Mar,210
571,568,Mongolia-Russia,2009.0,Apr,407
572,576,Mongolia-Russia,2009.0,May,667
573,574,Mongolia-Russia,2009.0,Jun,1204
574,573,Mongolia-Russia,2009.0,Jul,1521
575,569,Mongolia-Russia,2009.0,Aug,1516
576,579,Mongolia-Russia,2009.0,Sep,1312
577,578,Mongolia-Russia,2009.0,Oct,1438
578,577,Mongolia-Russia,2009.0,Nov,1285
579,570,Mongolia-Russia,2009.0,Dec,1248
580,584,Mongolia-Russia,2010.0,Jan,1298
581,583,Mongolia-Russia,2010.0,Feb,1021
582,587,Mongolia-Russia,2010.0,Mar,957
583,580,Mongolia-Russia,2010.0,Apr,690
584,588,Mongolia-Russia,2010.0,May,748
585,586,Mongolia-Russia,2010.0,Jun,860
586,585,Mongolia-Russia,2010.0,Jul,896
587,581,Mongolia-Russia,2010.0,Aug,785
588,591,Mongolia-Russia,2010.0,Sep,763
589,590,Mongolia-Russia,2010.0,Oct,728
590,589,Mongolia-Russia,2010.0,Nov,614
591,582,Mongolia-Russia,2010.0,Dec,524
592,596,Mongolia-Russia,2011.0,Jan,540
593,595,Mongolia-Russia,2011.0,Feb,353
594,598,Mongolia-Russia,2011.0,Mar,259
595,592,Mongolia-Russia,2011.0,Apr,119
596,599,Mongolia-Russia,2011.0,May,44
597,597,Mongolia-Russia,2011.0,Jun,3
598,593,Mongolia-Russia,2011.0,Aug,1
599,602,Mongolia-Russia,2011.0,Sep,1
600,601,Mongolia-Russia,2011.0,Oct,1
601,600,Mongolia-Russia,2011.0,Nov,2
602,594,Mongolia-Russia,2011.0,Dec,1
603,603,Mongolia-Russia,2012.0,Jun,1
604,608,Mongolia-Russia,2014.0,Mar,1
605,609,Mongolia-Russia,2014.0,May,11
606,607,Mongolia-Russia,2014.0,Jun,32
607,606,Mongolia-Russia,2014.0,Jul,44
608,604,Mongolia-Russia,2014.0,Aug,70
609,612,Mongolia-Russia,2014.0,Sep,101
610,611,Mongolia-Russia,2014.0,Oct,122
611,610,Mongolia-Russia,2014.0,Nov,132
612,605,Mongolia-Russia,2014.0,Dec,171
613,617,Mongolia-Russia,2015.0,Jan,229
614,616,Mongolia-Russia,2015.0,Feb,172
615,620,Mongolia-Russia,2015.0,Mar,210
616,613,Mongolia-Russia,2015.0,Apr,239
617,621,Mongolia-Russia,2015.0,May,198
618,619,Mongolia-Russia,2015.0,Jun,169
619,618,Mongolia-Russia,2015.0,Jul,151
620,614,Mongolia-Russia,2015.0,Aug,116
621,624,Mongolia-Russia,2015.0,Sep,99
622,623,Mongolia-Russia,2015.0,Oct,76
623,622,Mongolia-Russia,2015.0,Nov,43
624,615,Mongolia-Russia,2015.0,Dec,26
625,626,Mongolia-Russia,2016.0,Jan,15
626,625,Mongolia-Russia,2016.0,Feb,6
627,627,Mongolia-Russia,2016.0,Mar,1
628,633,Mongolia-WA,2009.0,Mar,1
629,628,Mongolia-WA,2009.0,Apr,1
630,634,Mongolia-WA,2009.0,May,8
631,632,Mongolia-WA,2009.0,Jun,26
632,631,Mongolia-WA,2009.0,Jul,49
633,629,Mongolia-WA,2009.0,Aug,102
634,637,Mongolia-WA,2009.0,Sep,105
635,636,Mongolia-WA,2009.0,Oct,138
636,635,Mongolia-WA,2009.0,Nov,189
637,630,Mongolia-WA,2009.0,Dec,243
638,642,Mongolia-WA,2010.0,Jan,242
639,641,Mongolia-WA,2010.0,Feb,218
640,645,Mongolia-WA,2010.0,Mar,238
641,638,Mongolia-WA,2010.0,Apr,218
642,646,Mongolia-WA,2010.0,May,236
643,644,Mongolia-WA,2010.0,Jun,193
644,643,Mongolia-WA,2010.0,Jul,217
645,639,Mongolia-WA,2010.0,Aug,157
646,649,Mongolia-WA,2010.0,Sep,131
647,648,Mongolia-WA,2010.0,Oct,119
648,647,Mongolia-WA,2010.0,Nov,125
649,640,Mongolia-WA,2010.0,Dec,96
650,654,Mongolia-WA,2011.0,Jan,108
651,653,Mongolia-WA,2011.0,Feb,81
652,657,Mongolia-WA,2011.0,Mar,84
653,650,Mongolia-WA,2011.0,Apr,75
654,658,Mongolia-WA,2011.0,May,88
655,656,Mongolia-WA,2011.0,Jun,86
656,655,Mongolia-WA,2011.0,Jul,74
657,651,Mongolia-WA,2011.0,Aug,85
658,661,Mongolia-WA,2011.0,Sep,68
659,660,Mongolia-WA,2011.0,Oct,70
660,659,Mongolia-WA,2011.0,Nov,49
661,652,Mongolia-WA,2011.0,Dec,31
662,664,Mongolia-WA,2012.0,Jan,29
663,663,Mongolia-WA,2012.0,Feb,14
664,666,Mongolia-WA,2012.0,Mar,10
665,662,Mongolia-WA,2012.0,Apr,11
666,667,Mongolia-WA,2012.0,May,11
667,665,Mongolia-WA,2012.0,Jun,3
668,669,Mongolia-WA,2013.0,Sep,1
669,668,Mongolia-WA,2013.0,Dec,2
670,674,Mongolia-WA,2014.0,Jan,10
671,673,Mongolia-WA,2014.0,Feb,7
672,677,Mongolia-WA,2014.0,Mar,25
673,670,Mongolia-WA,2014.0,Apr,53
674,678,Mongolia-WA,2014.0,May,101
675,676,Mongolia-WA,2014.0,Jun,157
676,675,Mongolia-WA,2014.0,Jul,252
677,671,Mongolia-WA,2014.0,Aug,307
678,681,Mongolia-WA,2014.0,Sep,361
679,680,Mongolia-WA,2014.0,Oct,427
680,679,Mongolia-WA,2014.0,Nov,405
681,672,Mongolia-WA,2014.0,Dec,460
682,686,Mongolia-WA,2015.0,Jan,443
683,685,Mongolia-WA,2015.0,Feb,380
684,689,Mongolia-WA,2015.0,Mar,403
685,682,Mongolia-WA,2015.0,Apr,320
686,690,Mongolia-WA,2015.0,May,265
687,688,Mongolia-WA,2015.0,Jun,256
688,687,Mongolia-WA,2015.0,Jul,203
689,683,Mongolia-WA,2015.0,Aug,170
690,693,Mongolia-WA,2015.0,Sep,132
691,692,Mongolia-WA,2015.0,Oct,114
692,691,Mongolia-WA,2015.0,Nov,107
693,684,Mongolia-WA,2015.0,Dec,94
694,698,Mongolia-WA,2016.0,Jan,90
695,697,Mongolia-WA,2016.0,Feb,54
696,701,Mongolia-WA,2016.0,Mar,57
697,694,Mongolia-WA,2016.0,Apr,51
698,702,Mongolia-WA,2016.0,May,40
699,700,Mongolia-WA,2016.0,Jun,30
700,699,Mongolia-WA,2016.0,Jul,24
701,695,Mongolia-WA,2016.0,Aug,22
702,705,Mongolia-WA,2016.0,Sep,8
703,704,Mongolia-WA,2016.0,Oct,13
704,703,Mongolia-WA,2016.0,Nov,2
705,696,Mongolia-WA,2016.0,Dec,3
706,710,NChina-Qinghai,2009.0,Jan,1
707,709,NChina-Qinghai,2009.0,Feb,3
708,713,NChina-Qinghai,2009.0,Mar,4
709,706,NChina-Qinghai,2009.0,Apr,7
710,714,NChina-Qinghai,2009.0,May,5
711,712,NChina-Qinghai,2009.0,Jun,2
712,711,NChina-Qinghai,2009.0,Jul,8
713,707,NChina-Qinghai,2009.0,Aug,2
714,717,NChina-Qinghai,2009.0,Sep,4
715,716,NChina-Qinghai,2009.0,Oct,6
716,715,NChina-Qinghai,2009.0,Nov,5
717,708,NChina-Qinghai,2009.0,Dec,1
718,718,NChina-Qinghai,2010.0,Jan,1
719,719,NChina-Qinghai,2010.0,Oct,1
720,722,NChina-Qinghai,2011.0,Jan,1
721,725,NChina-Qinghai,2011.0,May,3
722,724,NChina-Qinghai,2011.0,Jun,5
723,723,NChina-Qinghai,2011.0,Jul,5
724,720,NChina-Qinghai,2011.0,Aug,6
725,728,NChina-Qinghai,2011.0,Sep,1
726,727,NChina-Qinghai,2011.0,Oct,6
727,726,NChina-Qinghai,2011.0,Nov,4
728,721,NChina-Qinghai,2011.0,Dec,5
729,732,NChina-Qinghai,2012.0,Jan,5
730,731,NChina-Qinghai,2012.0,Feb,5
731,735,NChina-Qinghai,2012.0,Mar,6
732,729,NChina-Qinghai,2012.0,Apr,1
733,736,NChina-Qinghai,2012.0,May,2
734,734,NChina-Qinghai,2012.0,Jun,6
735,733,NChina-Qinghai,2012.0,Jul,3
736,730,NChina-Qinghai,2012.0,Aug,1
737,737,NChina-Qinghai,2012.0,Oct,1
738,738,NChina-Qinghai,2013.0,Feb,2
739,739,NChina-Qinghai,2014.0,Apr,1
740,743,NChina-Qinghai,2014.0,Jun,4
741,742,NChina-Qinghai,2014.0,Jul,4
742,740,NChina-Qinghai,2014.0,Aug,14
743,746,NChina-Qinghai,2014.0,Sep,25
744,745,NChina-Qinghai,2014.0,Oct,56
745,744,NChina-Qinghai,2014.0,Nov,44
746,741,NChina-Qinghai,2014.0,Dec,63
747,751,NChina-Qinghai,2015.0,Jan,85
748,750,NChina-Qinghai,2015.0,Feb,85
749,754,NChina-Qinghai,2015.0,Mar,116
750,747,NChina-Qinghai,2015.0,Apr,101
751,755,NChina-Qinghai,2015.0,May,112
752,753,NChina-Qinghai,2015.0,Jun,104
753,752,NChina-Qinghai,2015.0,Jul,89
754,748,NChina-Qinghai,2015.0,Aug,72
755,758,NChina-Qinghai,2015.0,Sep,55
756,757,NChina-Qinghai,2015.0,Oct,64
757,756,NChina-Qinghai,2015.0,Nov,40
758,749,NChina-Qinghai,2015.0,Dec,33
759,761,NChina-Qinghai,2016.0,Jan,22
760,760,NChina-Qinghai,2016.0,Feb,13
761,762,NChina-Qinghai,2016.0,Mar,6
762,759,NChina-Qinghai,2016.0,Apr,2
763,764,NChina-SChina,2006.0,May,1
764,763,NChina-SChina,2006.0,Aug,2
765,769,NChina-SChina,2007.0,Jan,1
766,768,NChina-SChina,2007.0,Feb,2
767,772,NChina-SChina,2007.0,Mar,4
768,765,NChina-SChina,2007.0,Apr,2
769,773,NChina-SChina,2007.0,May,6
770,771,NChina-SChina,2007.0,Jun,4
771,770,NChina-SChina,2007.0,Jul,6
772,766,NChina-SChina,2007.0,Aug,5
773,776,NChina-SChina,2007.0,Sep,8
774,775,NChina-SChina,2007.0,Oct,6
775,774,NChina-SChina,2007.0,Nov,3
776,767,NChina-SChina,2007.0,Dec,3
777,781,NChina-SChina,2008.0,Jan,4
778,780,NChina-SChina,2008.0,Feb,5
779,784,NChina-SChina,2008.0,Mar,1
780,777,NChina-SChina,2008.0,Apr,1
781,785,NChina-SChina,2008.0,May,4
782,783,NChina-SChina,2008.0,Jun,5
783,782,NChina-SChina,2008.0,Jul,1
784,778,NChina-SChina,2008.0,Aug,5
785,788,NChina-SChina,2008.0,Sep,4
786,787,NChina-SChina,2008.0,Oct,5
787,786,NChina-SChina,2008.0,Nov,2
788,779,NChina-SChina,2008.0,Dec,4
789,793,NChina-SChina,2009.0,Jan,3
790,792,NChina-SChina,2009.0,Feb,1
791,796,NChina-SChina,2009.0,Mar,2
792,789,NChina-SChina,2009.0,Apr,5
793,797,NChina-SChina,2009.0,May,10
794,795,NChina-SChina,2009.0,Jun,14
795,794,NChina-SChina,2009.0,Jul,30
796,790,NChina-SChina,2009.0,Aug,44
797,800,NChina-SChina,2009.0,Sep,50
798,799,NChina-SChina,2009.0,Oct,60
799,798,NChina-SChina,2009.0,Nov,71
800,791,NChina-SChina,2009.0,Dec,61
801,805,NChina-SChina,2010.0,Jan,101
802,804,NChina-SChina,2010.0,Feb,66
803,808,NChina-SChina,2010.0,Mar,81
804,801,NChina-SChina,2010.0,Apr,84
805,809,NChina-SChina,2010.0,May,68
806,807,NChina-SChina,2010.0,Jun,49
807,806,NChina-SChina,2010.0,Jul,53
808,802,NChina-SChina,2010.0,Aug,51
809,812,NChina-SChina,2010.0,Sep,48
810,811,NChina-SChina,2010.0,Oct,49
811,810,NChina-SChina,2010.0,Nov,27
812,803,NChina-SChina,2010.0,Dec,22
813,817,NChina-SChina,2011.0,Jan,33
814,816,NChina-SChina,2011.0,Feb,23
815,820,NChina-SChina,2011.0,Mar,43
816,813,NChina-SChina,2011.0,Apr,55
817,821,NChina-SChina,2011.0,May,100
818,819,NChina-SChina,2011.0,Jun,123
819,818,NChina-SChina,2011.0,Jul,141
820,814,NChina-SChina,2011.0,Aug,182
821,824,NChina-SChina,2011.0,Sep,206
822,823,NChina-SChina,2011.0,Oct,211
823,822,NChina-SChina,2011.0,Nov,270
824,815,NChina-SChina,2011.0,Dec,288
825,829,NChina-SChina,2012.0,Jan,305
826,828,NChina-SChina,2012.0,Feb,295
827,832,NChina-SChina,2012.0,Mar,329
828,825,NChina-SChina,2012.0,Apr,348
829,833,NChina-SChina,2012.0,May,319
830,831,NChina-SChina,2012.0,Jun,258
831,830,NChina-SChina,2012.0,Jul,256
832,826,NChina-SChina,2012.0,Aug,232
833,836,NChina-SChina,2012.0,Sep,172
834,835,NChina-SChina,2012.0,Oct,171
835,834,NChina-SChina,2012.0,Nov,99
836,827,NChina-SChina,2012.0,Dec,77
837,841,NChina-SChina,2013.0,Jan,51
838,840,NChina-SChina,2013.0,Feb,34
839,844,NChina-SChina,2013.0,Mar,25
840,837,NChina-SChina,2013.0,Apr,8
841,845,NChina-SChina,2013.0,May,5
842,843,NChina-SChina,2013.0,Jun,10
843,842,NChina-SChina,2013.0,Jul,5
844,838,NChina-SChina,2013.0,Aug,4
845,848,NChina-SChina,2013.0,Sep,5
846,847,NChina-SChina,2013.0,Oct,8
847,846,NChina-SChina,2013.0,Nov,6
848,839,NChina-SChina,2013.0,Dec,2
849,853,NChina-SChina,2014.0,Jan,2
850,852,NChina-SChina,2014.0,Feb,1
851,856,NChina-SChina,2014.0,Mar,2
852,849,NChina-SChina,2014.0,Apr,2
853,857,NChina-SChina,2014.0,May,4
854,855,NChina-SChina,2014.0,Jun,1
855,854,NChina-SChina,2014.0,Jul,2
856,850,NChina-SChina,2014.0,Aug,3
857,860,NChina-SChina,2014.0,Sep,7
858,859,NChina-SChina,2014.0,Oct,4
859,858,NChina-SChina,2014.0,Nov,3
860,851,NChina-SChina,2014.0,Dec,11
861,865,NChina-SChina,2015.0,Jan,6
862,864,NChina-SChina,2015.0,Feb,6
863,868,NChina-SChina,2015.0,Mar,4
864,861,NChina-SChina,2015.0,Apr,1
865,869,NChina-SChina,2015.0,May,11
866,867,NChina-SChina,2015.0,Jun,8
867,866,NChina-SChina,2015.0,Jul,11
868,862,NChina-SChina,2015.0,Aug,6
869,872,NChina-SChina,2015.0,Sep,11
870,871,NChina-SChina,2015.0,Oct,6
871,870,NChina-SChina,2015.0,Nov,11
872,863,NChina-SChina,2015.0,Dec,8
873,877,NChina-SChina,2016.0,Jan,16
874,876,NChina-SChina,2016.0,Feb,19
875,880,NChina-SChina,2016.0,Mar,23
876,873,NChina-SChina,2016.0,Apr,19
877,881,NChina-SChina,2016.0,May,7
878,879,NChina-SChina,2016.0,Jun,14
879,878,NChina-SChina,2016.0,Jul,9
880,874,NChina-SChina,2016.0,Aug,9
881,883,NChina-SChina,2016.0,Sep,3
882,882,NChina-SChina,2016.0,Oct,3
883,875,NChina-SChina,2016.0,Dec,2
884,884,NChina-SChina,2017.0,Jan,2
885,886,Qinghai-Russia,2008.0,Jan,1
886,887,Qinghai-Russia,2008.0,Mar,1
887,888,Qinghai-Russia,2008.0,May,1
888,885,Qinghai-Russia,2008.0,Aug,1
889,891,Qinghai-Russia,2008.0,Sep,1
890,890,Qinghai-Russia,2008.0,Oct,1
891,889,Qinghai-Russia,2008.0,Nov,1
892,895,Qinghai-Russia,2009.0,Feb,3
893,898,Qinghai-Russia,2009.0,Mar,21
894,892,Qinghai-Russia,2009.0,Apr,51
895,899,Qinghai-Russia,2009.0,May,75
896,897,Qinghai-Russia,2009.0,Jun,74
897,896,Qinghai-Russia,2009.0,Jul,61
898,893,Qinghai-Russia,2009.0,Aug,68
899,902,Qinghai-Russia,2009.0,Sep,61
900,901,Qinghai-Russia,2009.0,Oct,63
901,900,Qinghai-Russia,2009.0,Nov,55
902,894,Qinghai-Russia,2009.0,Dec,57
903,907,Qinghai-Russia,2010.0,Jan,38
904,906,Qinghai-Russia,2010.0,Feb,17
905,910,Qinghai-Russia,2010.0,Mar,8
906,903,Qinghai-Russia,2010.0,Apr,3
907,911,Qinghai-Russia,2010.0,May,3
908,909,Qinghai-Russia,2010.0,Jun,2
909,908,Qinghai-Russia,2010.0,Jul,3
910,904,Qinghai-Russia,2010.0,Aug,5
911,914,Qinghai-Russia,2010.0,Sep,5
912,913,Qinghai-Russia,2010.0,Oct,4
913,912,Qinghai-Russia,2010.0,Nov,8
914,905,Qinghai-Russia,2010.0,Dec,4
915,917,Qinghai-Russia,2011.0,Jan,5
916,916,Qinghai-Russia,2011.0,Feb,1
917,918,Qinghai-Russia,2011.0,Mar,1
918,915,Qinghai-Russia,2011.0,Apr,1
919,919,Qinghai-Russia,2011.0,May,1
920,920,Qinghai-Russia,2011.0,Sep,1
921,923,Qinghai-Russia,2014.0,May,1
922,921,Qinghai-Russia,2014.0,Aug,1
923,926,Qinghai-Russia,2014.0,Sep,2
924,925,Qinghai-Russia,2014.0,Oct,2
925,924,Qinghai-Russia,2014.0,Nov,8
926,922,Qinghai-Russia,2014.0,Dec,7
927,931,Qinghai-Russia,2015.0,Jan,3
928,930,Qinghai-Russia,2015.0,Feb,7
929,934,Qinghai-Russia,2015.0,Mar,13
930,927,Qinghai-Russia,2015.0,Apr,9
931,935,Qinghai-Russia,2015.0,May,8
932,933,Qinghai-Russia,2015.0,Jun,5
933,932,Qinghai-Russia,2015.0,Jul,9
934,928,Qinghai-Russia,2015.0,Aug,3
935,938,Qinghai-Russia,2015.0,Sep,5
936,937,Qinghai-Russia,2015.0,Oct,2
937,936,Qinghai-Russia,2015.0,Nov,6
938,929,Qinghai-Russia,2015.0,Dec,1
939,939,Qinghai-Russia,2016.0,Jan,1
940,941,SChina-CA,2007.0,Oct,1
941,940,SChina-CA,2007.0,Nov,1
942,944,SChina-CA,2008.0,May,1
943,943,SChina-CA,2008.0,Jun,1
944,945,SChina-CA,2008.0,Nov,1
945,942,SChina-CA,2008.0,Dec,1
946,949,SChina-CA,2009.0,Jan,3
947,952,SChina-CA,2009.0,Mar,3
948,946,SChina-CA,2009.0,Apr,7
949,953,SChina-CA,2009.0,May,3
950,951,SChina-CA,2009.0,Jun,4
951,950,SChina-CA,2009.0,Jul,8
952,947,SChina-CA,2009.0,Aug,15
953,956,SChina-CA,2009.0,Sep,33
954,955,SChina-CA,2009.0,Oct,50
955,954,SChina-CA,2009.0,Nov,69
956,948,SChina-CA,2009.0,Dec,126
957,961,SChina-CA,2010.0,Jan,144
958,960,SChina-CA,2010.0,Feb,179
959,964,SChina-CA,2010.0,Mar,216
960,957,SChina-CA,2010.0,Apr,250
961,965,SChina-CA,2010.0,May,286
962,963,SChina-CA,2010.0,Jun,297
963,962,SChina-CA,2010.0,Jul,300
964,958,SChina-CA,2010.0,Aug,359
965,968,SChina-CA,2010.0,Sep,304
966,967,SChina-CA,2010.0,Oct,268
967,966,SChina-CA,2010.0,Nov,211
968,959,SChina-CA,2010.0,Dec,173
969,973,SChina-CA,2011.0,Jan,142
970,972,SChina-CA,2011.0,Feb,74
971,976,SChina-CA,2011.0,Mar,74
972,969,SChina-CA,2011.0,Apr,34
973,977,SChina-CA,2011.0,May,28
974,975,SChina-CA,2011.0,Jun,13
975,974,SChina-CA,2011.0,Jul,11
976,970,SChina-CA,2011.0,Aug,21
977,980,SChina-CA,2011.0,Sep,47
978,979,SChina-CA,2011.0,Oct,110
979,978,SChina-CA,2011.0,Nov,166
980,971,SChina-CA,2011.0,Dec,268
981,985,SChina-CA,2012.0,Jan,435
982,984,SChina-CA,2012.0,Feb,412
983,988,SChina-CA,2012.0,Mar,401
984,981,SChina-CA,2012.0,Apr,366
985,989,SChina-CA,2012.0,May,440
986,987,SChina-CA,2012.0,Jun,301
987,986,SChina-CA,2012.0,Jul,294
988,982,SChina-CA,2012.0,Aug,281
989,992,SChina-CA,2012.0,Sep,205
990,991,SChina-CA,2012.0,Oct,101
991,990,SChina-CA,2012.0,Nov,39
992,983,SChina-CA,2012.0,Dec,18
993,995,SChina-CA,2013.0,Jun,1
994,993,SChina-CA,2013.0,Aug,1
995,994,SChina-CA,2013.0,Dec,1
996,1001,SChina-CA,2014.0,Mar,1
997,996,SChina-CA,2014.0,Apr,1
998,1002,SChina-CA,2014.0,May,3
999,1000,SChina-CA,2014.0,Jun,5
1000,999,SChina-CA,2014.0,Jul,5
1001,997,SChina-CA,2014.0,Aug,11
1002,1005,SChina-CA,2014.0,Sep,12
1003,1004,SChina-CA,2014.0,Oct,11
1004,1003,SChina-CA,2014.0,Nov,17
1005,998,SChina-CA,2014.0,Dec,9
1006,1009,SChina-CA,2015.0,Jan,9
1007,1008,SChina-CA,2015.0,Feb,12
1008,1012,SChina-CA,2015.0,Mar,10
1009,1006,SChina-CA,2015.0,Apr,4
1010,1013,SChina-CA,2015.0,May,4
1011,1011,SChina-CA,2015.0,Jun,2
1012,1010,SChina-CA,2015.0,Jul,1
1013,1007,SChina-CA,2015.0,Aug,2
1014,1015,SChina-CA,2015.0,Oct,1
1015,1014,SChina-CA,2015.0,Nov,1
1016,1016,SChina-CA,2016.0,Mar,1
1017,1019,SChina-JapanKorea,2007.0,Jul,1
1018,1017,SChina-JapanKorea,2007.0,Aug,2
1019,1022,SChina-JapanKorea,2007.0,Sep,16
1020,1021,SChina-JapanKorea,2007.0,Oct,124
1021,1020,SChina-JapanKorea,2007.0,Nov,321
1022,1018,SChina-JapanKorea,2007.0,Dec,449
1023,1027,SChina-JapanKorea,2008.0,Jan,466
1024,1026,SChina-JapanKorea,2008.0,Feb,393
1025,1030,SChina-JapanKorea,2008.0,Mar,432
1026,1023,SChina-JapanKorea,2008.0,Apr,402
1027,1031,SChina-JapanKorea,2008.0,May,408
1028,1029,SChina-JapanKorea,2008.0,Jun,333
1029,1028,SChina-JapanKorea,2008.0,Jul,361
1030,1024,SChina-JapanKorea,2008.0,Aug,279
1031,1034,SChina-JapanKorea,2008.0,Sep,169
1032,1033,SChina-JapanKorea,2008.0,Oct,100
1033,1032,SChina-JapanKorea,2008.0,Nov,37
1034,1025,SChina-JapanKorea,2008.0,Dec,20
1035,1039,SChina-JapanKorea,2009.0,Jan,12
1036,1038,SChina-JapanKorea,2009.0,Feb,10
1037,1042,SChina-JapanKorea,2009.0,Mar,4
1038,1035,SChina-JapanKorea,2009.0,Apr,4
1039,1043,SChina-JapanKorea,2009.0,May,8
1040,1041,SChina-JapanKorea,2009.0,Jun,3
1041,1040,SChina-JapanKorea,2009.0,Jul,8
1042,1036,SChina-JapanKorea,2009.0,Aug,4
1043,1046,SChina-JapanKorea,2009.0,Sep,5
1044,1045,SChina-JapanKorea,2009.0,Oct,3
1045,1044,SChina-JapanKorea,2009.0,Nov,4
1046,1037,SChina-JapanKorea,2009.0,Dec,3
1047,1051,SChina-JapanKorea,2010.0,Jan,3
1048,1050,SChina-JapanKorea,2010.0,Feb,4
1049,1054,SChina-JapanKorea,2010.0,Mar,3
1050,1047,SChina-JapanKorea,2010.0,Apr,2
1051,1055,SChina-JapanKorea,2010.0,May,4
1052,1053,SChina-JapanKorea,2010.0,Jun,3
1053,1052,SChina-JapanKorea,2010.0,Jul,2
1054,1048,SChina-JapanKorea,2010.0,Aug,6
1055,1058,SChina-JapanKorea,2010.0,Sep,6
1056,1057,SChina-JapanKorea,2010.0,Oct,8
1057,1056,SChina-JapanKorea,2010.0,Nov,5
1058,1049,SChina-JapanKorea,2010.0,Dec,6
1059,1061,SChina-JapanKorea,2011.0,Jan,1
1060,1060,SChina-JapanKorea,2011.0,Feb,2
1061,1059,SChina-JapanKorea,2011.0,Apr,2
1062,1062,SChina-JapanKorea,2011.0,Oct,1
1063,1063,SChina-JapanKorea,2012.0,Jan,2
1064,1069,SChina-JapanKorea,2013.0,Mar,1
1065,1064,SChina-JapanKorea,2013.0,Apr,2
1066,1068,SChina-JapanKorea,2013.0,Jun,2
1067,1067,SChina-JapanKorea,2013.0,Jul,11
1068,1065,SChina-JapanKorea,2013.0,Aug,2
1069,1072,SChina-JapanKorea,2013.0,Sep,12
1070,1071,SChina-JapanKorea,2013.0,Oct,26
1071,1070,SChina-JapanKorea,2013.0,Nov,33
1072,1066,SChina-JapanKorea,2013.0,Dec,55
1073,1077,SChina-JapanKorea,2014.0,Jan,61
1074,1076,SChina-JapanKorea,2014.0,Feb,72
1075,1080,SChina-JapanKorea,2014.0,Mar,93
1076,1073,SChina-JapanKorea,2014.0,Apr,96
1077,1081,SChina-JapanKorea,2014.0,May,127
1078,1079,SChina-JapanKorea,2014.0,Jun,157
1079,1078,SChina-JapanKorea,2014.0,Jul,157
1080,1074,SChina-JapanKorea,2014.0,Aug,160
1081,1084,SChina-JapanKorea,2014.0,Sep,162
1082,1083,SChina-JapanKorea,2014.0,Oct,200
1083,1082,SChina-JapanKorea,2014.0,Nov,177
1084,1075,SChina-JapanKorea,2014.0,Dec,191
1085,1089,SChina-JapanKorea,2015.0,Jan,210
1086,1088,SChina-JapanKorea,2015.0,Feb,188
1087,1092,SChina-JapanKorea,2015.0,Mar,209
1088,1085,SChina-JapanKorea,2015.0,Apr,199
1089,1093,SChina-JapanKorea,2015.0,May,198
1090,1091,SChina-JapanKorea,2015.0,Jun,205
1091,1090,SChina-JapanKorea,2015.0,Jul,222
1092,1086,SChina-JapanKorea,2015.0,Aug,168
1093,1096,SChina-JapanKorea,2015.0,Sep,183
1094,1095,SChina-JapanKorea,2015.0,Oct,172
1095,1094,SChina-JapanKorea,2015.0,Nov,129
1096,1087,SChina-JapanKorea,2015.0,Dec,111
1097,1099,SChina-JapanKorea,2016.0,Jan,82
1098,1098,SChina-JapanKorea,2016.0,Feb,55
1099,1102,SChina-JapanKorea,2016.0,Mar,41
1100,1097,SChina-JapanKorea,2016.0,Apr,21
1101,1103,SChina-JapanKorea,2016.0,May,14
1102,1101,SChina-JapanKorea,2016.0,Jun,5
1103,1100,SChina-JapanKorea,2016.0,Jul,2
1104,1108,SChina-SEA,2006.0,Mar,1
1105,1104,SChina-SEA,2006.0,Apr,1
1106,1109,SChina-SEA,2006.0,May,1
1107,1107,SChina-SEA,2006.0,Jul,1
1108,1105,SChina-SEA,2006.0,Aug,2
1109,1112,SChina-SEA,2006.0,Sep,2
1110,1111,SChina-SEA,2006.0,Oct,2
1111,1110,SChina-SEA,2006.0,Nov,1
1112,1106,SChina-SEA,2006.0,Dec,1
1113,1116,SChina-SEA,2007.0,Jan,1
1114,1119,SChina-SEA,2007.0,Mar,6
1115,1113,SChina-SEA,2007.0,Apr,7
1116,1120,SChina-SEA,2007.0,May,11
1117,1118,SChina-SEA,2007.0,Jun,19
1118,1117,SChina-SEA,2007.0,Jul,34
1119,1114,SChina-SEA,2007.0,Aug,82
1120,1123,SChina-SEA,2007.0,Sep,137
1121,1122,SChina-SEA,2007.0,Oct,257
1122,1121,SChina-SEA,2007.0,Nov,346
1123,1115,SChina-SEA,2007.0,Dec,474
1124,1128,SChina-SEA,2008.0,Jan,637
1125,1127,SChina-SEA,2008.0,Feb,740
1126,1131,SChina-SEA,2008.0,Mar,844
1127,1124,SChina-SEA,2008.0,Apr,911
1128,1132,SChina-SEA,2008.0,May,913
1129,1130,SChina-SEA,2008.0,Jun,910
1130,1129,SChina-SEA,2008.0,Jul,1033
1131,1125,SChina-SEA,2008.0,Aug,967
1132,1135,SChina-SEA,2008.0,Sep,896
1133,1134,SChina-SEA,2008.0,Oct,839
1134,1133,SChina-SEA,2008.0,Nov,793
1135,1126,SChina-SEA,2008.0,Dec,780
1136,1140,SChina-SEA,2009.0,Jan,868
1137,1139,SChina-SEA,2009.0,Feb,680
1138,1143,SChina-SEA,2009.0,Mar,697
1139,1136,SChina-SEA,2009.0,Apr,695
1140,1144,SChina-SEA,2009.0,May,736
1141,1142,SChina-SEA,2009.0,Jun,893
1142,1141,SChina-SEA,2009.0,Jul,951
1143,1137,SChina-SEA,2009.0,Aug,1050
1144,1147,SChina-SEA,2009.0,Sep,995
1145,1146,SChina-SEA,2009.0,Oct,1118
1146,1145,SChina-SEA,2009.0,Nov,1232
1147,1138,SChina-SEA,2009.0,Dec,1320
1148,1152,SChina-SEA,2010.0,Jan,1523
1149,1151,SChina-SEA,2010.0,Feb,1408
1150,1155,SChina-SEA,2010.0,Mar,1564
1151,1148,SChina-SEA,2010.0,Apr,1344
1152,1156,SChina-SEA,2010.0,May,1235
1153,1154,SChina-SEA,2010.0,Jun,1038
1154,1153,SChina-SEA,2010.0,Jul,940
1155,1149,SChina-SEA,2010.0,Aug,865
1156,1159,SChina-SEA,2010.0,Sep,844
1157,1158,SChina-SEA,2010.0,Oct,913
1158,1157,SChina-SEA,2010.0,Nov,827
1159,1150,SChina-SEA,2010.0,Dec,763
1160,1164,SChina-SEA,2011.0,Jan,730
1161,1163,SChina-SEA,2011.0,Feb,649
1162,1167,SChina-SEA,2011.0,Mar,758
1163,1160,SChina-SEA,2011.0,Apr,782
1164,1168,SChina-SEA,2011.0,May,789
1165,1166,SChina-SEA,2011.0,Jun,767
1166,1165,SChina-SEA,2011.0,Jul,776
1167,1161,SChina-SEA,2011.0,Aug,815
1168,1171,SChina-SEA,2011.0,Sep,679
1169,1170,SChina-SEA,2011.0,Oct,787
1170,1169,SChina-SEA,2011.0,Nov,862
1171,1162,SChina-SEA,2011.0,Dec,815
1172,1176,SChina-SEA,2012.0,Jan,862
1173,1175,SChina-SEA,2012.0,Feb,883
1174,1179,SChina-SEA,2012.0,Mar,1041
1175,1172,SChina-SEA,2012.0,Apr,1020
1176,1180,SChina-SEA,2012.0,May,1241
1177,1178,SChina-SEA,2012.0,Jun,1290
1178,1177,SChina-SEA,2012.0,Jul,1486
1179,1173,SChina-SEA,2012.0,Aug,1406
1180,1183,SChina-SEA,2012.0,Sep,1264
1181,1182,SChina-SEA,2012.0,Oct,1094
1182,1181,SChina-SEA,2012.0,Nov,959
1183,1174,SChina-SEA,2012.0,Dec,926
1184,1188,SChina-SEA,2013.0,Jan,757
1185,1187,SChina-SEA,2013.0,Feb,559
1186,1191,SChina-SEA,2013.0,Mar,484
1187,1184,SChina-SEA,2013.0,Apr,282
1188,1192,SChina-SEA,2013.0,May,133
1189,1190,SChina-SEA,2013.0,Jun,79
1190,1189,SChina-SEA,2013.0,Jul,26
1191,1185,SChina-SEA,2013.0,Aug,18
1192,1195,SChina-SEA,2013.0,Sep,12
1193,1194,SChina-SEA,2013.0,Oct,13
1194,1193,SChina-SEA,2013.0,Nov,5
1195,1186,SChina-SEA,2013.0,Dec,10
1196,1200,SChina-SEA,2014.0,Jan,16
1197,1199,SChina-SEA,2014.0,Feb,10
1198,1203,SChina-SEA,2014.0,Mar,16
1199,1196,SChina-SEA,2014.0,Apr,20
1200,1204,SChina-SEA,2014.0,May,16
1201,1202,SChina-SEA,2014.0,Jun,17
1202,1201,SChina-SEA,2014.0,Jul,10
1203,1197,SChina-SEA,2014.0,Aug,14
1204,1207,SChina-SEA,2014.0,Sep,7
1205,1206,SChina-SEA,2014.0,Oct,14
1206,1205,SChina-SEA,2014.0,Nov,16
1207,1198,SChina-SEA,2014.0,Dec,16
1208,1212,SChina-SEA,2015.0,Jan,9
1209,1211,SChina-SEA,2015.0,Feb,8
1210,1215,SChina-SEA,2015.0,Mar,6
1211,1208,SChina-SEA,2015.0,Apr,6
1212,1216,SChina-SEA,2015.0,May,15
1213,1214,SChina-SEA,2015.0,Jun,7
1214,1213,SChina-SEA,2015.0,Jul,7
1215,1209,SChina-SEA,2015.0,Aug,15
1216,1219,SChina-SEA,2015.0,Sep,8
1217,1218,SChina-SEA,2015.0,Oct,9
1218,1217,SChina-SEA,2015.0,Nov,6
1219,1210,SChina-SEA,2015.0,Dec,9
1220,1224,SChina-SEA,2016.0,Jan,17
1221,1223,SChina-SEA,2016.0,Feb,7
1222,1227,SChina-SEA,2016.0,Mar,9
1223,1220,SChina-SEA,2016.0,Apr,5
1224,1228,SChina-SEA,2016.0,May,4
1225,1226,SChina-SEA,2016.0,Jun,6
1226,1225,SChina-SEA,2016.0,Jul,5
1227,1221,SChina-SEA,2016.0,Aug,5
1228,1230,SChina-SEA,2016.0,Oct,2
1229,1229,SChina-SEA,2016.0,Nov,2
1230,1222,SChina-SEA,2016.0,Dec,3
1231,1231,SChina-WA,2008.0,Feb,1
1232,1232,SChina-WA,2008.0,Oct,1
1233,1237,SChina-WA,2009.0,Jan,1
1234,1236,SChina-WA,2009.0,Feb,1
1235,1239,SChina-WA,2009.0,Mar,6
1236,1233,SChina-WA,2009.0,Apr,2
1237,1240,SChina-WA,2009.0,May,2
1238,1238,SChina-WA,2009.0,Jul,3
1239,1234,SChina-WA,2009.0,Aug,4
1240,1242,SChina-WA,2009.0,Sep,5
1241,1241,SChina-WA,2009.0,Nov,4
1242,1235,SChina-WA,2009.0,Dec,9
1243,1247,SChina-WA,2010.0,Jan,7
1244,1246,SChina-WA,2010.0,Feb,5
1245,1250,SChina-WA,2010.0,Mar,10
1246,1243,SChina-WA,2010.0,Apr,8
1247,1251,SChina-WA,2010.0,May,6
1248,1249,SChina-WA,2010.0,Jun,10
1249,1248,SChina-WA,2010.0,Jul,13
1250,1244,SChina-WA,2010.0,Aug,8
1251,1254,SChina-WA,2010.0,Sep,2
1252,1253,SChina-WA,2010.0,Oct,7
1253,1252,SChina-WA,2010.0,Nov,3
1254,1245,SChina-WA,2010.0,Dec,4
1255,1259,SChina-WA,2011.0,Jan,3
1256,1258,SChina-WA,2011.0,Feb,1
1257,1262,SChina-WA,2011.0,Mar,2
1258,1255,SChina-WA,2011.0,Apr,1
1259,1263,SChina-WA,2011.0,May,2
1260,1261,SChina-WA,2011.0,Jun,2
1261,1260,SChina-WA,2011.0,Jul,2
1262,1256,SChina-WA,2011.0,Aug,2
1263,1266,SChina-WA,2011.0,Sep,4
1264,1265,SChina-WA,2011.0,Oct,6
1265,1264,SChina-WA,2011.0,Nov,12
1266,1257,SChina-WA,2011.0,Dec,10
1267,1271,SChina-WA,2012.0,Jan,12
1268,1270,SChina-WA,2012.0,Feb,13
1269,1274,SChina-WA,2012.0,Mar,6
1270,1267,SChina-WA,2012.0,Apr,12
1271,1275,SChina-WA,2012.0,May,10
1272,1273,SChina-WA,2012.0,Jun,4
1273,1272,SChina-WA,2012.0,Jul,10
1274,1268,SChina-WA,2012.0,Aug,8
1275,1278,SChina-WA,2012.0,Sep,5
1276,1277,SChina-WA,2012.0,Oct,1
1277,1276,SChina-WA,2012.0,Nov,1
1278,1269,SChina-WA,2012.0,Dec,1
1279,1283,SChina-WA,2013.0,Jan,2
1280,1282,SChina-WA,2013.0,Feb,1
1281,1286,SChina-WA,2013.0,Mar,2
1282,1279,SChina-WA,2013.0,Apr,1
1283,1287,SChina-WA,2013.0,May,2
1284,1285,SChina-WA,2013.0,Jun,3
1285,1284,SChina-WA,2013.0,Jul,3
1286,1280,SChina-WA,2013.0,Aug,2
1287,1290,SChina-WA,2013.0,Sep,3
1288,1289,SChina-WA,2013.0,Oct,2
1289,1288,SChina-WA,2013.0,Nov,5
1290,1281,SChina-WA,2013.0,Dec,6
1291,1295,SChina-WA,2014.0,Jan,25
1292,1294,SChina-WA,2014.0,Feb,30
1293,1298,SChina-WA,2014.0,Mar,62
1294,1291,SChina-WA,2014.0,Apr,118
1295,1299,SChina-WA,2014.0,May,124
1296,1297,SChina-WA,2014.0,Jun,111
1297,1296,SChina-WA,2014.0,Jul,133
1298,1292,SChina-WA,2014.0,Aug,136
1299,1302,SChina-WA,2014.0,Sep,125
1300,1301,SChina-WA,2014.0,Oct,100
1301,1300,SChina-WA,2014.0,Nov,107
1302,1293,SChina-WA,2014.0,Dec,108
1303,1306,SChina-WA,2015.0,Jan,81
1304,1305,SChina-WA,2015.0,Feb,45
1305,1308,SChina-WA,2015.0,Mar,32
1306,1303,SChina-WA,2015.0,Apr,4
1307,1309,SChina-WA,2015.0,May,7
1308,1307,SChina-WA,2015.0,Jul,2
1309,1304,SChina-WA,2015.0,Aug,1
1310,1310,SChina-WA,2016.0,Jan,1
1311,1312,SEA-Europe,2009.0,Jul,1
1312,1314,SEA-Europe,2009.0,Sep,1
1313,1313,SEA-Europe,2009.0,Oct,2
1314,1311,SEA-Europe,2009.0,Dec,1
1315,1318,SEA-Europe,2010.0,Jan,2
1316,1317,SEA-Europe,2010.0,Feb,1
1317,1321,SEA-Europe,2010.0,Mar,5
1318,1315,SEA-Europe,2010.0,Apr,4
1319,1322,SEA-Europe,2010.0,May,3
1320,1320,SEA-Europe,2010.0,Jun,3
1321,1319,SEA-Europe,2010.0,Jul,2
1322,1316,SEA-Europe,2010.0,Aug,5
1323,1325,SEA-Europe,2010.0,Sep,3
1324,1324,SEA-Europe,2010.0,Oct,3
1325,1323,SEA-Europe,2010.0,Nov,3
1326,1327,SEA-Europe,2011.0,Feb,2
1327,1326,SEA-Europe,2011.0,Apr,1
1328,1330,SEA-Europe,2012.0,Jan,1
1329,1328,SEA-Europe,2012.0,Aug,3
1330,1333,SEA-Europe,2012.0,Sep,28
1331,1332,SEA-Europe,2012.0,Oct,75
1332,1331,SEA-Europe,2012.0,Nov,119
1333,1329,SEA-Europe,2012.0,Dec,209
1334,1338,SEA-Europe,2013.0,Jan,245
1335,1337,SEA-Europe,2013.0,Feb,275
1336,1341,SEA-Europe,2013.0,Mar,370
1337,1334,SEA-Europe,2013.0,Apr,417
1338,1342,SEA-Europe,2013.0,May,428
1339,1340,SEA-Europe,2013.0,Jun,389
1340,1339,SEA-Europe,2013.0,Jul,418
1341,1335,SEA-Europe,2013.0,Aug,338
1342,1345,SEA-Europe,2013.0,Sep,245
1343,1344,SEA-Europe,2013.0,Oct,203
1344,1343,SEA-Europe,2013.0,Nov,166
1345,1336,SEA-Europe,2013.0,Dec,126
1346,1349,SEA-Europe,2014.0,Jan,78
1347,1348,SEA-Europe,2014.0,Feb,34
1348,1351,SEA-Europe,2014.0,Mar,10
1349,1346,SEA-Europe,2014.0,Apr,2
1350,1352,SEA-Europe,2014.0,May,1
1351,1350,SEA-Europe,2014.0,Jun,1
1352,1347,SEA-Europe,2014.0,Aug,1
1353,1355,SEA-Europe,2015.0,Mar,1
1354,1356,SEA-Europe,2015.0,May,1
1355,1354,SEA-Europe,2015.0,Jun,1
1356,1353,SEA-Europe,2015.0,Aug,1
1357,1357,WA-Africa,2009.0,Aug,1
1358,1358,WA-Africa,2009.0,Nov,1
1359,1360,WA-Africa,2010.0,Jan,1
1360,1359,WA-Africa,2010.0,Feb,1
1361,1362,WA-Africa,2010.0,Mar,1
1362,1361,WA-Africa,2010.0,Jul,1
1363,1363,WA-Africa,2010.0,Oct,1
1364,1369,WA-Africa,2014.0,Mar,2
1365,1364,WA-Africa,2014.0,Apr,16
1366,1370,WA-Africa,2014.0,May,38
1367,1368,WA-Africa,2014.0,Jun,89
1368,1367,WA-Africa,2014.0,Jul,217
1369,1365,WA-Africa,2014.0,Aug,314
1370,1373,WA-Africa,2014.0,Sep,402
1371,1372,WA-Africa,2014.0,Oct,536
1372,1371,WA-Africa,2014.0,Nov,595
1373,1366,WA-Africa,2014.0,Dec,566
1374,1378,WA-Africa,2015.0,Jan,605
1375,1377,WA-Africa,2015.0,Feb,538
1376,1381,WA-Africa,2015.0,Mar,534
1377,1374,WA-Africa,2015.0,Apr,493
1378,1382,WA-Africa,2015.0,May,459
1379,1380,WA-Africa,2015.0,Jun,353
1380,1379,WA-Africa,2015.0,Jul,259
1381,1375,WA-Africa,2015.0,Aug,150
1382,1385,WA-Africa,2015.0,Sep,87
1383,1384,WA-Africa,2015.0,Oct,64
1384,1383,WA-Africa,2015.0,Nov,30
1385,1376,WA-Africa,2015.0,Dec,23
1386,1387,WA-Africa,2016.0,Jan,10
1387,1386,WA-Africa,2016.0,Feb,4
1388,1388,WA-Africa,2016.0,May,1
1389,1393,WA-CA,2009.0,May,1
1390,1392,WA-CA,2009.0,Jun,3
1391,1391,WA-CA,2009.0,Jul,4
1392,1389,WA-CA,2009.0,Aug,9
1393,1396,WA-CA,2009.0,Sep,17
1394,1395,WA-CA,2009.0,Oct,17
1395,1394,WA-CA,2009.0,Nov,30
1396,1390,WA-CA,2009.0,Dec,23
1397,1401,WA-CA,2010.0,Jan,25
1398,1400,WA-CA,2010.0,Feb,35
1399,1404,WA-CA,2010.0,Mar,49
1400,1397,WA-CA,2010.0,Apr,32
1401,1405,WA-CA,2010.0,May,37
1402,1403,WA-CA,2010.0,Jun,32
1403,1402,WA-CA,2010.0,Jul,31
1404,1398,WA-CA,2010.0,Aug,26
1405,1408,WA-CA,2010.0,Sep,32
1406,1407,WA-CA,2010.0,Oct,17
1407,1406,WA-CA,2010.0,Nov,16
1408,1399,WA-CA,2010.0,Dec,6
1409,1412,WA-CA,2011.0,Jan,12
1410,1411,WA-CA,2011.0,Feb,4
1411,1414,WA-CA,2011.0,Mar,5
1412,1409,WA-CA,2011.0,Apr,3
1413,1415,WA-CA,2011.0,May,1
1414,1413,WA-CA,2011.0,Jun,1
1415,1417,WA-CA,2011.0,Oct,2
1416,1416,WA-CA,2011.0,Nov,6
1417,1410,WA-CA,2011.0,Dec,9
1418,1421,WA-CA,2012.0,Jan,14
1419,1420,WA-CA,2012.0,Feb,9
1420,1424,WA-CA,2012.0,Mar,5
1421,1418,WA-CA,2012.0,Apr,9
1422,1425,WA-CA,2012.0,May,11
1423,1423,WA-CA,2012.0,Jun,11
1424,1422,WA-CA,2012.0,Jul,7
1425,1419,WA-CA,2012.0,Aug,10
1426,1428,WA-CA,2012.0,Sep,8
1427,1427,WA-CA,2012.0,Oct,6
1428,1426,WA-CA,2012.0,Nov,1
1429,1434,WA-CA,2014.0,Mar,1
1430,1429,WA-CA,2014.0,Apr,3
1431,1435,WA-CA,2014.0,May,20
1432,1433,WA-CA,2014.0,Jun,61
1433,1432,WA-CA,2014.0,Jul,122
1434,1430,WA-CA,2014.0,Aug,222
1435,1438,WA-CA,2014.0,Sep,340
1436,1437,WA-CA,2014.0,Oct,611
1437,1436,WA-CA,2014.0,Nov,811
1438,1431,WA-CA,2014.0,Dec,1361
1439,1443,WA-CA,2015.0,Jan,1546
1440,1442,WA-CA,2015.0,Feb,1305
1441,1446,WA-CA,2015.0,Mar,1470
1442,1439,WA-CA,2015.0,Apr,1418
1443,1447,WA-CA,2015.0,May,1335
1444,1445,WA-CA,2015.0,Jun,1114
1445,1444,WA-CA,2015.0,Jul,1072
1446,1440,WA-CA,2015.0,Aug,823
1447,1450,WA-CA,2015.0,Sep,607
1448,1449,WA-CA,2015.0,Oct,363
1449,1448,WA-CA,2015.0,Nov,139
1450,1441,WA-CA,2015.0,Dec,52
1451,1452,WA-CA,2016.0,Jan,35
1452,1451,WA-CA,2016.0,Feb,4
1453,1453,WA-CA,2016.0,Jun,1
1454,1457,WA-Europe,2009.0,Sep,4
1455,1456,WA-Europe,2009.0,Oct,11
1456,1455,WA-Europe,2009.0,Nov,30
1457,1454,WA-Europe,2009.0,Dec,49
1458,1462,WA-Europe,2010.0,Jan,113
1459,1461,WA-Europe,2010.0,Feb,165
1460,1465,WA-Europe,2010.0,Mar,224
1461,1458,WA-Europe,2010.0,Apr,215
1462,1466,WA-Europe,2010.0,May,197
1463,1464,WA-Europe,2010.0,Jun,181
1464,1463,WA-Europe,2010.0,Jul,184
1465,1459,WA-Europe,2010.0,Aug,143
1466,1469,WA-Europe,2010.0,Sep,174
1467,1468,WA-Europe,2010.0,Oct,118
1468,1467,WA-Europe,2010.0,Nov,97
1469,1460,WA-Europe,2010.0,Dec,55
1470,1471,WA-Europe,2011.0,Jan,30
1471,1470,WA-Europe,2011.0,Feb,1
1472,1474,WA-Europe,2012.0,Oct,1
1473,1473,WA-Europe,2012.0,Nov,1
1474,1472,WA-Europe,2012.0,Dec,1
1475,1479,WA-Europe,2013.0,Jan,2
1476,1478,WA-Europe,2013.0,Feb,3
1477,1482,WA-Europe,2013.0,Mar,2
1478,1475,WA-Europe,2013.0,Apr,3
1479,1483,WA-Europe,2013.0,May,7
1480,1481,WA-Europe,2013.0,Jun,7
1481,1480,WA-Europe,2013.0,Jul,12
1482,1476,WA-Europe,2013.0,Aug,9
1483,1486,WA-Europe,2013.0,Sep,4
1484,1485,WA-Europe,2013.0,Oct,4
1485,1484,WA-Europe,2013.0,Nov,5
1486,1477,WA-Europe,2013.0,Dec,4
1487,1490,WA-Europe,2014.0,Jan,1
1488,1489,WA-Europe,2014.0,Feb,1
1489,1492,WA-Europe,2014.0,May,2
1490,1491,WA-Europe,2014.0,Jul,12
1491,1487,WA-Europe,2014.0,Aug,17
1492,1495,WA-Europe,2014.0,Sep,35
1493,1494,WA-Europe,2014.0,Oct,137
1494,1493,WA-Europe,2014.0,Nov,274
1495,1488,WA-Europe,2014.0,Dec,344
1496,1500,WA-Europe,2015.0,Jan,294
1497,1499,WA-Europe,2015.0,Feb,290
1498,1503,WA-Europe,2015.0,Mar,301
1499,1496,WA-Europe,2015.0,Apr,280
1500,1504,WA-Europe,2015.0,May,302
1501,1502,WA-Europe,2015.0,Jun,276
1502,1501,WA-Europe,2015.0,Jul,198
1503,1497,WA-Europe,2015.0,Aug,143
1504,1507,WA-Europe,2015.0,Sep,86
1505,1506,WA-Europe,2015.0,Oct,53
1506,1505,WA-Europe,2015.0,Nov,5
1507,1498,WA-Europe,2015.0,Dec,1
